chemin, class, classes_LOC, classe_CLOL, classe_DC, WMC, classe_BC
src\main\java\ClassFile.java, ClassFile, 31, 18, 0.5806451612903226, 3, 0.19354838709677422
src\main\java\ClassMetric.java, ClassMetric, 202, 72, 0.3564356435643564, 31, 0.01149792398594698
src\main\java\Controller.java, Controller, 38, 11, 0.2894736842105263, 4, 0.07236842105263158
src\main\java\Main.java, Main, 21, 7, 0.3333333333333333, 2, 0.16666666666666666
src\main\java\Metricable.java, Metricable, 75, 35, 0.4666666666666667, 2, 0.23333333333333334
src\main\java\PackageFile.java, PackageFile, 31, 18, 0.5806451612903226, 3, 0.19354838709677422
src\main\java\PackageMetric.java, PackageMetric, 129, 49, 0.3798449612403101, 18, 0.021102497846683894
src\main\java\Writer.java, Writer, 59, 20, 0.3389830508474576, 3, 0.11299435028248588
